Id,First Name,Last Name,Address,Gender,Enabled
919,Abdul,Matyugin,Room 951,Male,false
901,Ad,Lethbridge,PO Box 75670,Male,true
208,Adella,Candy,PO Box 54249,Female,false
654,Adolpho,Crudginton,Suite 84,Male,false
982,Adolphus,Vauls,Suite 94,Male,false
444,Agace,Lodemann,PO Box 11791,Female,true
818,Agna,Jan,Room 1196,Female,false
227,Agustin,Oseland,Room 862,Male,true
119,Aileen,Danilov,Apt 1629,Female,true
194,Ailene,Senn,Suite 71,Female,true
659,Aindrea,Trumpeter,PO Box 10802,Female,true
378,Alasteir,Maulkin,PO Box 35844,Male,false
